Valuation_Year,Book_Value,Total_Assets,Total_Liabilities,Total_Revenues,Working_Capital,Retained_Earnings,EBIT,Equity_Value
2008,3751.887,32461.11278,28709.22578,31929.256,-183.461,1453.402409,3302.199234,3983.50763
2016,54971.13,211609.4683,156638.3383,103261.18,1760.025,33043.97315,-19996.50191,82604.51139
2016,28315.616,65483.34905,37167.73305,58827.968,14684.793,8637.644996,3485.689198,33546.14473
2011,90672.11,395154.7786,304482.6686,290390.126,-20150.578,58420.92632,5790.537354,144051.2356
2012,23728.984,49296.17627,25567.19227,76296.877,10560.425,7438.407677,3180.631138,34615.90904
2014,27670.486,51583.85241,23913.36641,23391.95,3568.375,17386.40874,5576.838314,39707.06918
2014,61972.67,180286.1763,118313.5063,126792.203,-12101.684,28645.13763,25482.34812,112545.2136
2010,39194.21,133607.7383,94413.52826,75627.101,11882.335,24316.15021,14391.72436,9032.519763
2015,21900.491,61127.88524,39227.39424,88884.04,13735.624,7500.500078,9746.17035,10218.96853
2008,46445.399,126047.3678,79601.96876,128107.179,17725.907,16287.55155,11687.19947,50880.46745
2009,144159.3,406651.4853,262492.1853,194469.2,-2621.184,84395.98289,35136.30388,185622.1582
2014,39010.402,96277.1681,57266.7661,98774.045,15588.209,17536.17712,7209.100592,38446.35054
2015,9619.883,23183.00718,13563.12418,19825.38,3504.338,5528.769611,1164.401164,8142.222258
2013,148941.115,265929.4555,116988.3405,168855.972,35946.651,81432.05304,20699.18847,226289.8716
2009,6873.29,12319.56239,5446.272389,9006.85,697.628,3230.222395,-763.8012772,13634.77219
2011,74275.693,196925.2778,122649.5848,277308.818,33514.699,39810.20238,21846.10322,40988.14509
2013,123867.704,350555.8519,226688.1479,501424.101,-45544.932,50145.61166,77887.26301,274422.978
2012,65499.642,157931.7212,92432.07924,147629.678,25437.699,31109.83449,13919.09697,62374.98368
2010,484944.8,772481.8728,287537.0728,422874.7,6273.31,307424.6438,76713.21539,900057.2843
2011,121820.24,314731.9268,192911.6868,153879.795,20213.916,82531.89406,14406.47896,108349.8719
2008,206977.007,455565.5569,248588.5499,278587.535,73061.316,129943.4282,66974.96191,150788.4092
2015,13672.18,23356.62374,9684.443742,16051.283,1199.264,7515.084204,1399.007254,24825.68841
2012,29468.263,64379.55257,34911.28957,68251.775,14329.913,11383.54123,8748.281873,30519.24704
2016,1351.08,1908.778667,557.6986668,4313.781,571.796,655.0844161,88.2366664,2636.395919
2011,56362.758,91045.0384,34682.2804,107768.337,22108.782,37421.81412,8160.42913,76294.7254
2015,35782.825,61951.90795,26169.08295,121105.379,21725.558,15773.60714,5226.449003,45900.54784
2016,138269.142,263492.6411,125223.4991,132088.705,860.292,76597.25763,9216.338178,249329.7315
2007,33233.018,73421.30948,40188.29148,58618.661,5601.617,19379.93945,7089.296096,40808.06894
2016,43869.995,114615.7879,70745.79286,161665.783,21015.937,18446.1476,10789.02303,35829.79103
2015,154675.051,293187.9709,138512.9199,245162.32,12908.819,101348.6401,31752.18839,223739.8718
2012,10478.572,41441.19335,30962.62135,144406.837,7771.412,3468.502791,2217.865519,4633.605075
2013,15952.21,32861.03428,16908.82428,46075.224,4886.013,5662.235645,3753.681748,24597.88336
2009,6638.646,27095.82417,20457.17817,3925.923,-6212.609,3043.95682,1014.561568,24404.31327
2016,186421.284,320102.8429,133681.5589,180176.594,45337.563,123027.0125,25741.24581,261730.9106
2007,263118.02,554664.9061,291546.8861,1660430.908,-88522.617,140785.8867,80332.0571,605598.2871
2007,79554.894,166388.907,86834.01301,105793.875,24406.188,29541.1576,13954.09156,118400.2769
2008,60114.196,99727.91211,39613.71611,117723.3,77810.825,23073.38063,13915.95279,30485.63899
2015,73031.712,301744.8741,228713.1621,72140.424,11304.364,33017.75997,-10652.66843,97909.88213
2008,66706.587,165580.8704,98874.28338,179953.874,15931.245,38121.55627,32877.08936,52603.90852
2012,190343.562,351704.9,161361.338,173308.712,11768.211,66863.2164,40770.77338,382580.9427
2010,118899.15,194098.7014,75199.55137,123734.87,-19103.659,51600.68379,15958.96831,277542.4164
2014,263427,463345.6605,199918.6605,225939.7,3042.147,181193.8642,19157.48183,439710.1911
2007,163443.6,232679.4901,69235.89013,225018.2,-118819.899,90863.22056,24513.77195,465986.5512
2013,82184.384,165181.5916,82997.20759,157857.168,36791.831,26948.73622,20926.95728,111430.0659
2012,26123.174,52325.31569,26202.14169,42659.576,6098.355,10318.46306,4812.847857,42218.17275
2007,5543.58,12923.5498,7379.969798,18110.7,1206.038,2081.742006,1372.134842,8385.894178
2009,372074,527727.6639,155653.6639,319821,17227,164568.0578,-12716.53272,856421.6991
2009,267093.624,427068.0995,159974.4755,125624.209,1620.009,180239.816,-25999.81209,512030.1941
2012,180275.952,514668.3003,334392.3483,240881.55,16796.206,109339.0347,41856.20779,181014.3553
2007,180234.763,331870.1401,151635.3771,437179.44,49868,109645.428,3130.938558,255331.2135
2007,39510.848,121373.3897,81862.54165,129247.76,9345.396,25971.4592,12688.23067,19419.18102
2012,6516.4,10238.74142,3722.341418,13471.66,2074.662,2803.906772,807.9787164,11958.13814
2016,323270.93,871833.8555,548562.9255,282366.5,7259.436,129562.7965,55379.7079,554461.0529
2011,26842.823,35124.10895,8281.285945,14055.889,1685.704,15321.22681,3042.293412,59772.95631
2014,16089.3,32401.36528,16312.06528,36398.1,4220.425,11088.28382,1944.658941,17298.39782
2009,523421.312,1492351.295,968929.9834,168956.444,151469.736,338213.5711,32189.65158,318170.0799
2016,4247.2,9940.865612,5693.665612,1735.932,-59.246,1290.937116,-116.5153213,9398.705074
2016,1832.4,3134.712526,1302.312526,716.7,2157.322,613.8681898,45.68449464,1259.347694
2008,18689.295,46480.13142,27790.83642,57647.31,8075.118,7770.237177,2317.644517,19720.41218
2014,11341.546,41135.91239,29794.36639,38510.92,6032.345,4925.690228,2458.393717,3637.300267
2007,20352.4,26713.42327,6361.023269,22772,-1731.3,13863.59062,958.5153437,46146.00073
2013,45229.382,122768.1531,77538.77112,159555.562,24790.353,18221.11018,12603.38616,28900.8796
2011,129191.9,293807.8058,164615.9058,955298,554.208,53990.03592,39113.38519,249378.8099
2011,16301.247,61645.73512,45344.48812,226879.413,-450.084,10668.48891,6140.800596,20715.10172
2007,79270.05,219189.8645,139919.8145,433493.199,-16029.393,28821.34944,22725.08647,183142.9028
2007,66656.11,226140.0811,159483.9711,407056.578,19332.924,37979.32903,10156.98271,50052.02652
2010,6045.36,14066.47339,8021.113389,14925.01,2033.856,4011.047927,-3.503680449,5297.189826
2008,214763.987,365853.9829,151089.9959,231981.887,40447.005,133141.3313,55891.82186,320221.9572
2014,29724.34,52438.89766,22714.55766,56177.52,15627.714,9606.34835,12576.63688,40324.98528
2010,6665.5,11083.92718,4418.427179,6341.19,543.59,4278.602197,359.1145639,11635.95692
2011,14416.8,31304.1345,16887.3345,49818.9,10154.456,8452.815748,4450.047098,4233.649185
2012,317151.694,375905.4848,58753.79084,276817.247,14964.247,114699.1231,54856.28019,805673.6893
2013,8881.071,32230.66438,23349.59338,17806.5,1883.213,3979.547272,854.2883324,9738.26154
2009,251412.712,515292.7898,263880.0778,353185.883,46438.51,126517.4831,82175.99511,343937.3872
2014,35499,63336.41945,27837.41945,79087.1,17154.866,18446.43724,2868.694116,45384.31779
2012,36951.51,132994.4268,96042.91675,71647.46,7875.757,25785.79242,8898.235694,10967.70028
2011,62115.242,110069.1489,47953.90689,98409.885,16568.752,40767.70037,18607.65603,77060.75824
2010,258937.76,659829.9867,400892.2267,342578.933,4058.294,168226.0149,65303.21875,300175.0399
2010,35456.52,118723.4446,83266.92462,208115.5,16585.377,20262.03391,12638.10904,5730.416403
2013,49986.9,115169.0714,65182.17138,42821.7,708.1,21619.52209,16568.10573,82826.62206
2014,45429.66,108761.8956,63332.23564,86696.32,5264.53,23712.27448,-2215.731153,70590.44492
2016,138319.5,354552.5269,216233.0269,120533.2,10864.2,76919.67059,24287.04454,177829.917
2009,12878.134,33199.02999,20320.89599,7129.648,1208.42,8445.029483,2154.587808,13087.54274
2007,9739913.105,30034624.63,20294711.53,15892606.91,-5737475.716,3632391.268,1496717.63,29973268.28
2009,7379276.505,16946503.78,9567227.27,14308087.57,1184869.799,3503992.345,1390818.709,10631988.41
2010,44112.05071,155935.4159,111823.3652,84240.9495,8727.098857,27036.70929,3672.533345,31761.78964
2016,33663.60634,82104.87694,48441.2706,50557.78162,7892.199725,20990.34567,10161.17866,27450.9043
2013,14886.37286,57432.87051,42546.49765,44122.16565,6556.165702,4709.945724,3385.373349,11664.55047
2012,23086.35544,62063.81346,38977.45802,83328.04118,13911.08212,7710.706383,8588.892515,14446.55064
2012,61759.71555,181011.5489,119251.8333,126076.4982,-11680.07496,28778.92985,24099.09197,111736.5174
2008,22311.65906,57809.64451,35497.98546,86053.60019,13021.62597,7486.537535,8269.796084,16016.19268
2015,54016.60964,206321.6682,152305.0585,101589.289,2372.435469,32515.93062,-17915.97782,78137.45903
2016,29133.38439,84511.79456,55378.41017,110076.969,10171.72235,12855.93622,9330.145947,24960.28125
2012,32975.6423,89377.30915,56401.66685,75896.41794,11350.79496,17529.60958,9883.743538,22957.3483
2014,24087.31813,50441.31572,26353.99758,74932.10512,10882.64441,7532.09901,3204.464032,34517.973
2008,27909.73346,63904.57617,35994.84272,60373.83547,14319.81736,8531.521485,3458.693847,33707.00592
2010,19813.81535,48365.31469,28551.49934,67601.58364,8454.807468,6265.449213,3204.456401,25464.96222
2010,38494.75976,127527.0291,89032.26938,75657.39315,11822.54859,23552.81567,13884.67701,10935.54899
2011,41553.24172,130755.8483,89202.60659,92700.46213,13783.42621,21704.20355,13511.86038,22907.65827
2011,15964.34008,47066.45396,31102.11388,59052.19032,6384.520509,5112.172051,3227.881896,17956.46942
2012,9172.652929,42696.56143,33523.9085,43968.367,2731.882064,3077.427794,3269.211849,8415.969791
2007,27530.09798,62455.97952,34925.88154,61819.73687,13978.44346,8432.260626,3433.444195,33878.91482
2011,12515.07904,54744.09618,42229.01714,41525.46099,5120.838077,4016.404852,3367.659889,9235.608971
2016,18116.72805,47852.30236,29735.57431,63832.48115,7542.096654,5757.013157,3214.783811,21818.87357
2013,35220.91643,96811.25392,61590.33749,110170.2839,15901.13495,12269.19849,10799.55925,32152.53301
2009,26857.35393,52526.27446,25668.92053,32621.37203,5001.186685,15993.24472,6164.3982,35492.13328
2013,25321.24083,73303.14203,47981.9012,86261.77744,13369.03784,10826.68644,10665.07496,10521.48364
2013,5583.128808,40108.47174,34525.34293,33934.57229,924.9769061,1988.992318,3315.878529,4613.657091
2016,21924.46814,60920.36951,38995.90137,88718.98373,13693.98741,7499.685856,9660.076018,10457.82597
2013,44382.12341,145596.2288,101214.1054,87280.22061,6419.849219,25302.09974,16917.67193,33110.205
2010,30477.36322,75294.26545,44816.90223,62166.21916,14127.90065,11753.20985,5652.889408,30082.75308
2015,23754.31192,49376.51959,25622.20767,76200.41164,10583.20024,7445.030006,3182.315704,34613.32037
2012,41915.91674,114339.1039,72423.1872,120868.997,16989.54588,14666.00162,11329.00473,43332.4924
2007,26515.06363,50963.40464,24448.341,38900.64082,5618.043109,14470.22528,4874.407778,37955.36504
2015,41159.23024,131201.2675,90042.03727,89848.82596,13465.90113,22140.45752,13658.8175,20743.32995
2015,28168.05564,61745.08413,33577.02849,50722.69989,12142.13856,10638.74669,3963.99701,34899.51037
2012,23180.9984,65581.91658,42400.91818,87902.43457,13598.39786,8745.609036,10090.14878,10303.89462
2011,26257.59261,50819.86415,24562.27153,42356.5532,6074.785297,13820.39129,4717.880163,37566.76767
2010,87346.73288,359892.9453,272546.2124,271434.1885,-19217.96022,54970.83369,8072.208948,141087.3722
2011,7114.577348,44758.80304,37644.22569,35611.59752,1851.952036,2436.900607,3327.318381,5374.983522
2007,51759.47116,172116.4235,120356.9523,112620.7144,7774.402656,26731.79775,-8061.192251,69917.74214
2012,30022.35258,83015.10114,52992.74857,101862.8992,15056.00076,10408.11805,10388.45305,23607.06724
2009,5021.598329,36171.10587,31149.50754,34749.1888,499.4026698,1833.79947,3294.472566,4774.010385
2009,35811.15958,106391.8042,70580.64461,70402.86762,12753.8499,19440.41226,11000.14022,18520.82141
2015,49840.73874,184121.4893,134280.7506,94275.03839,5051.631392,30205.83069,-8814.024253,58350.3139
2008,22394.90421,57194.93447,34800.03026,85480.54889,12877.06981,7483.710676,7970.889111,17183.5647
2015,35052.4664,87402.6598,52350.1934,86069.88716,7370.785771,16718.95357,-5219.747571,53800.95515
2013,53191.69446,201817.5092,148625.8147,100144.408,2901.692584,32059.58594,-16117.94818,74118.67449
2015,73813.5744,302793.0199,228979.4455,202025.0448,-9804.064244,46437.55028,-6386.487462,115349.9538
2016,5922.35561,40955.235,35032.87939,38740.72045,1481.181475,2176.600495,4072.8611,2839.857584
2011,26540.23976,50977.33391,24437.09416,38562.7136,5573.381785,14533.76758,4889.713415,38111.29965
2011,27824.81074,54394.49249,26569.68175,31868.77532,6227.588391,15293.57365,5076.60418,38196.9894
2007,33695.19325,78028.37503,44333.18178,99027.23789,13704.08534,11320.72888,6912.656636,43468.38049
2007,30884.4608,71723.15243,40838.69163,82472.58736,8544.84457,13302.92255,-2127.693005,47037.04442
2015,15859.58714,48262.59553,32403.00839,27607.63411,1715.734905,9518.760377,4453.631553,14255.98551
2011,16592.15456,59005.32158,42413.16702,45990.09583,7588.663481,5208.841863,3398.115462,13684.85581
2009,68663.19621,267404.3527,198741.1565,198570.1236,-6455.193755,43839.73561,9467.897606,86368.84463
2009,27570.29646,51531.53422,23961.23776,24736.74704,3746.106805,17133.53924,5515.92882,39501.08685
2008,47365.25228,132769.4895,85404.23722,125426.5087,16003.32521,18095.42579,8268.799716,54077.791
2015,54475.27425,208852.2735,154376.9992,102392.6634,2078.160961,32769.66478,-18915.70796,80329.03915
2011,37521.12599,102863.4777,65342.35169,113846.054,16275.08165,13092.67112,10981.46149,35933.25641
2016,57172.10598,199781.8128,142609.7068,110658.2978,-2597.486132,31661.17289,-5699.953391,92107.12458
2010,50781.33591,162139.9813,111358.6454,115471.2321,9606.127356,24809.37646,-4426.202439,66290.30125
2014,27263.98275,58177.34309,30913.36034,80964.33803,8465.686357,9398.620503,5242.057476,42135.54365
2011,28154.7901,61428.02918,33273.23908,49994.04408,11913.55638,10818.64381,4006.996423,35115.2993
2007,72522.22306,253123.2449,180601.0219,223791.9759,-4606.715371,41130.10882,8210.426789,106424.2595
2009,27509.44089,63182.2219,35672.78101,76133.15102,10883.56439,11564.15262,5921.170112,31140.56849
2011,41247.92492,104609.8684,63361.94348,116253.0769,16086.45786,14262.88367,9740.912241,48433.50303
2014,39752.40588,132890.8343,93138.42839,79667.01267,12332.17265,23698.10941,14183.53028,12375.09258
2015,9010.471377,48469.07893,39458.60755,48431.98741,3849.614102,3205.557745,5169.349227,2111.788198
2016,90018.72864,227343.345,137324.6164,162230.0758,16691.43439,47719.71715,20532.73537,102541.5301
2013,99002.09148,258952.8774,159950.7859,213117.3303,26597.38711,62028.38803,17976.99255,75753.39737
2008,85788.23267,173556.9028,87768.67012,101301.9366,21240.884,47025.8749,11844.27019,112999.3495
2014,422833.0218,687241.9172,264408.8954,375918.2063,11758.55929,265648.9065,66358.77294,767324.742
2008,7850.752224,14189.69344,6338.941216,11737.15265,1150.530564,3665.343333,-521.3024991,14777.01755
2016,9002.264387,20134.71411,11132.44972,17392.6477,2873.201047,5011.901788,730.8117251,9920.703073
2011,139400.3074,389226.1515,249825.844,191635.3593,-923.59188,81172.11451,33852.6404,178725.0806
2016,82128.45326,207178.923,125050.4697,265902.5448,33770.47384,44187.68269,21725.47916,57672.56768
2015,41925.98462,88768.36374,46842.37912,91889.43592,15489.71593,19899.44188,8015.103274,49533.55964
2012,7087.869679,12963.69447,5875.824788,9852.055932,916.9043658,3409.798155,-613.1589865,13529.12342
2010,9376.830113,21928.70996,12551.87985,18868.02121,3255.96521,5325.365417,993.7697055,8941.363586
2015,29400.92229,56062.43189,26661.5096,37399.46445,4522.485986,18771.991,2209.313667,42147.25431
2012,64301.60549,155204.5929,90902.98739,145420.0702,24992.23327,30495.93477,13615.62203,61353.35857
2011,68354.75757,169818.9333,101464.1757,189818.2355,28065.39208,33940.32805,16497.99254,55921.87137
2013,51550.55898,104882.2866,53331.72764,65315.67361,8283.165925,34052.98121,5132.542129,65402.96528
2016,122815.078,331174.6717,208359.5938,181759.3411,4992.566735,69936.83811,29379.03533,153745.1164
2013,33506.52015,77679.14445,44172.6243,83400.29159,13038.01101,15086.10368,5843.641559,36595.46078
2013,136189.766,371983.1196,235793.3535,179988.7947,5525.31389,83730.963,27740.86988,157761.1603
2014,39165.85504,76808.25368,37642.39864,49706.65977,6180.4268,25508.79864,3498.053963,52959.24868
2012,287878.5236,579069.2295,291190.7059,276892.2187,13838.82227,185376.2294,42899.59358,419570.4575
2008,69305.9592,181845.9671,112540.0079,252148.9435,30988.42229,36671.25263,19783.39497,41125.40047
2011,132436.1397,249254.8984,116818.7587,164657.347,33867.94857,71478.16628,19358.0659,188651.4969
2011,142493.9087,399220.3638,256726.4551,191443.2337,-918.8125965,84257.01387,33590.88209,179851.4506
2016,9583.866752,22992.33671,13408.46995,19683.51593,3467.533434,5498.628616,1139.116523,8187.850744
2010,143230.5145,279205.3329,135974.8184,244600.1029,17386.51671,74306.40237,33724.07158,225558.8772
2013,15460.24001,37432.77223,21972.53221,35513.71777,5905.592661,7914.829778,2365.577731,14213.04267
2016,7050.754896,12656.78011,5606.025218,9502.554965,779.8555323,3309.221553,-719.7739793,13900.89237
2013,188830.7276,437633.4672,248802.7396,203519.7305,17641.33648,124033.2808,25904.4751,223651.0931
2011,107294.9754,191788.5498,84493.57436,121997.3758,25613.65877,58507.76069,14407.47065,163656.6571
2010,61451.27451,153522.2951,92071.02054,113707.3082,16841.74244,35149.55052,9159.538539,58335.03664
2012,67506.9851,166214.5943,98707.60924,177291.1427,27285.14841,33099.86662,15732.23836,57899.15675
2007,459711.4563,756676.0028,296964.5464,405962.4943,5614.720289,290910.5643,73634.66746,830480.8637
2010,101040.6879,228216.4501,127175.7622,238432.1895,34386.47045,54730.2094,21434.97359,100354.171
2010,145798.6447,269982.393,124183.7483,167120.6965,34123.71379,81559.49058,19970.05814,211734.4584
2013,129868.5156,240403.4795,110534.9639,148454.1945,31505.40949,71041.15357,18024.94301,189491.3854
2011,135744.1343,370109.3942,234365.2599,179179.0951,5980.840944,83693.77714,27327.34,156310.3695
2016,364787.6003,665521.4488,300733.8485,333864.8172,10886.22899,233008.0771,56096.03937,592722.8908
2016,139159.8219,388355.0066,249195.1847,191492.1573,-837.8076857,81009.2032,33787.77321,178280.7147
2010,83014.35233,204404.4456,121390.0933,149573.3539,23813.19483,47101.18596,14070.66415,77777.77008
2015,29453.0954,72124.59471,42671.49931,73101.25585,11658.73569,13631.56846,5243.465151,28833.13556
2015,8877.221222,19570.14979,10692.92857,16900.11633,2745.420957,4907.256645,643.027137,10133.42811
2009,91806.43292,233229.8328,141423.3999,133907.1276,18537.36306,58974.68206,11797.84294,84212.30254
2008,135287.4929,374449.9882,239162.4953,189186.2988,543.5004599,78385.98435,32743.2733,172594.2401
2011,109538.8061,222891.6841,113352.8781,158832.5992,30984.16702,57669.15037,17497.52807,140658.4199
2007,135801.6227,380167.7894,244366.1667,204376.3416,1700.459679,79063.78009,33546.87235,168528.23
2013,108202.4256,193405.8352,85203.40957,123018.403,25838.80991,59007.27045,14544.56428,165065.5159
2007,94980.23706,241230.1141,146249.877,121811.9746,16216.73511,64111.59539,11238.77596,86171.17374
2008,95134.5699,249361.2413,154226.6714,223157.6911,27679.34221,58553.18268,18582.17042,70292.31658
2012,102854.0693,262911.1544,160057.0852,141258.7697,19154.47728,67645.74172,12758.0431,93162.27749
2015,108783.9104,297239.348,188455.4376,236402.9794,15670.9591,61826.46446,28408.74578,112893.7318
2011,132481.94,356592.5162,224110.5763,173251.7855,9315.472432,83421.56246,24300.14385,144973.415
2013,101941.226,206418.8758,104477.6498,138893.0736,27242.58198,54113.94518,14931.62256,134019.5702
2012,76173.62283,199498.1513,123324.5285,274552.0414,33576.5171,40868.19348,21816.94965,44943.51306
2014,124230.4331,323898.2632,199667.8301,158259.0438,17750.20448,82733.01326,16643.04935,116553.8614
2015,38086.68192,93926.2913,55839.60938,96292.75275,15208.42277,17158.79408,7019.120611,37552.11312
2015,253848.5494,534889.0759,281040.5265,251683.5419,15145.2568,164300.5564,37060.55963,348721.0598
2015,28907.90863,63786.27113,34878.3625,70555.19035,10907.2658,13039.01469,4702.771203,34169.52794
2012,133181.2312,359460.8134,226279.5822,174522.3768,8600.65341,83479.915,24949.06035,147178.9842
2007,70894.80778,173311.6532,102416.8454,180332.144,18876.52413,32869.3785,19831.90011,81625.12621
2008,37590.56011,92133.64251,54543.0824,53244.10394,7669.905948,24725.05016,4465.548256,34876.27491
2012,146978.7398,308964.9006,161986.1608,179367.2034,20119.07014,82648.39924,26623.93409,204810.6626
2010,45485.66656,111615.2767,66129.61011,110716.7489,17995.90562,20854.24221,8849.351567,44152.56035
2006,110942.1349,288311.8788,177369.7439,182120.129,23257.11075,72757.24938,16108.65134,92733.81753
2013,66175.22161,160680.78,94505.55836,157612.3665,26059.46573,31779.58803,14529.3172,60971.00868
2014,123910.4233,343172.7179,219262.2946,218472.0997,7849.240602,71477.18821,31285.44893,143968.0895
2014,34027.82108,69220.67749,35192.85641,78096.46311,10627.628,18255.80572,6508.626024,41445.7324
2012,34456.75192,67218.93903,32762.18711,88608.03522,13340.01191,17649.14525,6195.256204,42307.63314
2015,14096.31003,23712.88551,9616.575486,33296.21644,6808.209012,5518.183608,4013.746139,20889.7752
2015,41207.77067,103898.5256,62690.75497,144397.7874,19779.99567,17140.59334,10411.78293,35400.61865
2013,28987.81926,62797.31024,33809.49098,66664.0776,13930.53942,11265.88067,8524.75095,30640.57027
2014,40410.57643,68852.33735,28441.76092,118106.316,21811.7325,20641.57832,5886.20483,52121.2878
2015,35628.55898,62502.91019,26874.35121,117324.8664,20750.0425,15991.79406,5339.153224,45376.46048
2012,32161.54715,54392.40936,22230.86221,108822.0972,19500.7608,14183.55205,4686.049597,42917.28237
2013,48893.33527,102335.2085,53441.87324,139993.6188,21455.37,26076.26351,9732.065367,47916.1865
2006,32938.89364,72707.59507,39768.70144,59371.2554,6283.521802,18755.21472,7218.905629,39997.27546
2016,29801.41559,65171.55802,35370.14243,67399.31664,13557.52425,12091.16252,8601.474071,31604.43113
2009,51829.72535,88379.19465,36549.46931,98135.84281,18873.66055,33885.91588,7950.505412,66198.74011
2011,33062.74834,73007.98477,39945.23643,59054.34063,5996.374165,19018.28404,7164.327525,40260.35351
2013,22860.85657,42678.28233,19817.42577,40951.63643,3965.26367,13288.17617,4811.639116,33461.13986
2015,47372.75335,85452.23654,38079.48319,88664.97414,15692.82185,30409.34717,7744.104045,57799.66377
2012,162718.0772,374143.1691,211425.0919,246860.9308,58938.8528,99688.74906,51728.9618,110403.3308
2010,34074.2812,70204.41147,36130.13026,75019.47984,15662.14148,15842.9207,8647.604748,35648.64623
2007,182465.2476,380568.5873,198103.3397,226323.59,47303.3605,110912.0044,46369.38075,193875.4579
2016,49864.81583,87129.24057,37264.42474,93960.49687,17471.34969,32353.22891,7859.510896,62361.68236
2008,38097.34925,90561.5133,52464.16405,105742.5135,12650.64591,18952.91278,8781.195714,39297.25001
2013,32666.89949,56450.11184,23783.21235,106300.7119,18832.90593,14609.7812,4687.069741,42958.13611
2007,51787.62559,88353.04555,36565.41995,98046.38269,18843.61492,33853.07684,7948.555782,66187.43551
2013,201854.7914,439215.7312,237360.9398,267665.9529,67678.68319,125966.4368,62669.01933,160493.7549
2010,36052.69097,62360.4172,26307.72623,120930.4895,21730.58324,16057.48145,5264.92247,46388.12094
2015,150938.5194,286452.5324,135514.013,219409.2127,10164.70395,95711.38328,26619.53063,229522.4038
2008,30723.06549,63800.92434,33077.85885,78754.61494,15799.54364,12255.91617,8048.438454,32991.04785
2010,56214.24345,90936.00709,34721.76364,107550.1219,22065.82617,37278.02773,8163.675322,75949.83551
2016,35195.95054,80038.19948,44842.24894,77634.8297,8446.153594,19207.61884,7772.03842,40286.07537
2013,114258.887,206840.3572,92581.47018,124959.3677,7089.130798,65113.26406,8906.806195,200094.1858
2011,83004.6847,139675.4526,56670.76786,145001.1215,19615.65797,54745.52573,14553.62678,120308.161
2011,42020.21941,98334.04632,56313.82691,152388.4159,21178.24837,17834.85835,9516.697401,38650.44086
2014,44795.01729,111916.3892,67121.37196,157674.9654,21096.85633,19851.19422,10594.38971,37614.45007
2015,33519.27093,62696.96806,29177.69712,102159.1733,19074.47273,14199.91897,6488.905389,39498.34632
2009,2778.714269,4006.016576,1227.302307,5673.794318,644.500127,1449.94614,240.1144216,5491.742044
2016,5200.226027,7720.200902,2519.974875,13066.67333,2455.235084,2123.7734,1273.767187,9067.567748
2009,144449.2787,274716.1557,130266.877,174683.7476,5398.99469,85921.14977,17705.63517,239562.1359
2010,40350.24032,99414.37663,59064.13631,127567.6939,15915.36896,18755.13748,9564.790695,38114.04513
2013,196610.1944,437124.5218,240514.3274,271156.1813,69753.39757,122856.845,63403.87633,140716.0012
2010,27149.94318,54969.22012,27819.27694,45380.95896,4232.563043,15690.17922,5319.716861,37573.94901
2013,20033.03828,36947.41056,16914.37227,29893.48439,2630.835773,11373.33725,3249.394283,31817.69777
2013,41347.51173,70222.79097,28875.27923,117499.1252,21829.1794,21627.14856,6019.779102,53391.71985
2014,40889.87696,67380.43608,26490.55912,74526.17603,14530.28342,26582.34331,5709.802288,56257.04601
2010,35495.23926,62991.00687,27495.7676,114057.6735,19906.98292,16180.35547,5436.554418,44920.5879
2008,14628.43347,24805.53083,10177.09737,34506.25605,7068.58419,5721.221848,4177.639266,21521.04478
2014,188964.4095,398632.9127,209668.5032,258158.5418,66967.68612,118878.3755,59941.08221,151784.6841
2008,114782.0594,208014.285,93232.2256,125114.7127,6953.407271,65363.49499,8913.550754,201160.5879
2013,17450.83923,31452.41363,14001.5744,28538.42116,4340.311562,8440.476963,3157.063625,27654.88718
2014,87943.55558,158273.7423,70330.18668,175531.9878,17857.45356,53317.32542,16863.89572,127854.1197
2011,46585.21453,76200.99234,29615.77781,86762.12148,17319.81613,30572.19143,6611.84161,63472.02941
2009,45945.10529,76822.26839,30877.1631,114519.6064,21914.79232,26463.39642,6675.23547,60095.04991
2012,171061.1503,348291.601,177230.4507,202007.7871,35319.47044,102057.6335,36782.63311,211070.9405
2011,24870.82883,37127.51697,12256.68814,48544.84723,9779.740927,16374.36948,3539.430053,38719.28051
2010,35622.31435,62001.06993,26378.75558,119761.8865,21537.56716,15662.0155,5315.970919,45520.51457
2008,152904.9941,289999.3185,137094.3244,232962.6463,11608.88623,98678.17813,29320.76335,226531.8498
2012,14286.96121,24582.05989,10295.09868,17389.14103,1337.62637,7887.986943,1577.848399,25535.81133
2007,37100.51209,86840.12285,49739.61076,96085.52171,11206.10327,19040.42246,8434.47829,39705.74371
2013,18637.77317,34182.56262,15544.78945,32460.81988,5326.962049,8731.156808,3709.295687,28419.50034
2013,146331.4865,278125.3992,131793.9127,187656.3935,6781.291296,88760.81241,20291.11547,236673.9964
2013,42941.87731,93494.00238,50552.12508,65409.75623,5163.359612,24668.73792,7285.906096,58783.64268
2010,25530.42226,52151.16662,26620.74436,55238.59799,11056.54424,10419.16495,6916.164821,30611.86616
2016,14434.88291,23934.52477,9499.641862,26599.57639,2635.948644,8339.445158,2961.351899,23848.68035
2012,30388.55307,66571.16961,36182.61653,65896.97125,12196.29098,13338.25167,8342.744689,33047.82375
2008,127472.7278,236494.6303,109021.9025,216778.3195,14926.07271,81769.22955,25683.14788,185859.7668
2014,30778.74929,65170.69284,34391.94355,54438.27623,5214.421833,17938.5018,6550.355172,39368.49903
2012,163336.3095,325330.9942,161994.6847,229092.4242,58297.74524,103135.1561,49933.36558,148546.7903
2013,53533.20542,218142.386,164609.1805,94666.66536,10203.10373,23806.92922,-6640.780443,69088.62351
2015,43630.50791,120870.4004,77239.89253,125875.2417,15754.97296,15981.60361,7850.455707,49797.46775
2007,65487.95415,148897.2333,83409.27918,168450.2751,27369.96107,35339.83396,29372.03878,44782.78786
2016,77620.39469,162267.3622,84646.96751,103977.51,23812.47461,28814.8713,13643.8423,115549.0641
2008,203667.8625,364935.838,161267.9755,513037.2023,15236.80226,127020.4004,38016.92742,332038.5406
2010,14263.10318,56554.90419,42291.80101,140034.6425,7985.159335,5256.264126,1439.184592,10369.89829
2007,73398.2471,122200.8281,48802.581,124291.6784,74395.526,33585.76893,15159.65019,55236.54559
2008,145683.6284,337529.2411,191845.6127,775253.7207,-26069.65512,79402.88571,51958.73289,274539.1868
2011,15224.58069,32624.55893,17399.97825,42782.27762,4018.924666,5457.680609,3539.685889,23736.68949
2013,7462.826581,28025.89802,20563.07144,7655.820105,-5230.46417,3275.654864,1256.953166,23444.2131
2010,213605.0178,495650.413,282045.3952,1363316.171,-69650.63756,113874.0327,65023.01424,480327.5391
2011,73326.73784,290162.4532,216835.7154,73662.47835,11896.92398,32860.52267,-9539.771387,98243.43506
2016,51432.03388,211655.1957,160223.1619,49948.17783,5605.56138,23266.37268,-6856.964636,74054.37486
2007,164922.8041,424759.2951,259836.491,1071186.781,-51095.31479,87413.73809,49970.84483,360631.4617
2012,202807.0969,382830.3656,180023.2687,427996.9635,-5407.846012,79523.39705,47546.13737,420178.561
2008,35121.77967,105400.9823,70279.20261,130631.5344,13705.92368,12770.00913,6404.803202,36659.80501
2008,192142.8805,466207.087,274064.2065,1234527.429,-61470.30118,102208.6948,58387.08499,427087.3423
2011,70139.20756,222254.3705,152115.1629,121443.937,13420.2548,35351.74601,9253.660307,73796.49962
2016,70591.73505,147324.6931,76732.958,97378.07039,21655.32247,26176.03903,12516.60671,105371.2155
2014,62669.31967,117927.0486,55257.72891,108706.8695,64655.64621,25040.40889,9056.205334,31869.55541
2015,15628.25627,57957.94816,42329.69189,141528.2158,9011.545258,5412.235989,3092.808725,10649.14208
2010,187427.0132,322614.3438,135187.3306,199587.2627,43582.24597,123259.8857,26457.09858,265747.0695
2014,65205.13547,145418.4904,80213.35491,165780.5353,30024.64302,34694.25556,28558.59133,43311.34023
2008,19831.98936,81140.61345,61308.62409,17481.21406,-2731.711772,9000.221541,-1303.899993,39042.87923
2014,262716.1509,553387.2375,290671.0866,1652218.845,-87968.7993,140377.6771,80113.59506,604363.3891
2013,71864.48247,264488.5051,192624.0226,92036.16406,12158.20201,33959.60725,-2619.749108,87551.29627
2015,119623.2762,211670.2136,92046.9374,569956.7059,29051.39801,57579.93732,33385.34602,196352.7989
2009,95405.4207,162781.6536,67376.23288,132786.5482,59913.75,34940.11224,21193.41667,125592.6185
2011,64560.86011,112422.5698,47861.70973,114994.6868,65595.60089,24552.75301,13924.67626,47254.52072
2007,62543.20321,159648.0967,97104.89351,177321.806,15327.05301,35555.68299,30606.93781,47205.96763
2007,74949.21627,166130.2532,91181.03693,132377.6931,21368.21138,32616.93646,20737.33775,95228.20247
2009,186875.7547,323533.7523,136657.9976,179380.819,41447.91375,116519.3663,27482.70303,274545.7433
2007,52793.57641,95329.02979,42535.45338,102144.8289,66308.30474,20331.42113,12149.79653,14573.37545
2012,113280.8671,248981.8421,135700.975,177450.629,14363.02229,48948.59348,35850.65492,173609.9498
2015,68799.55837,196769.8334,127970.275,144278.6163,14400.21922,36432.72016,18473.17848,64570.64382
2014,55280.99595,173988.1369,118707.141,64034.60759,9308.370304,24510.6755,-6172.548204,80410.05115
2012,34513.51208,84947.84177,50434.32969,54551.19233,6973.1537,14557.79592,-931.0230612,53953.50684
2008,207159.6076,374491.9381,167332.3305,580428.215,9142.597361,127828.9024,40502.2639,346796.3378
2009,12462.4512,36963.59758,24501.14638,108767.2785,6725.62069,4263.604874,2774.510637,11525.34264
2008,17533.7691,69679.82996,52146.06085,136256.1065,8169.883967,6801.282467,766.2332933,15279.30145
2013,135957.3796,255008.0094,119050.6298,145051.9639,35453.45532,78881.59652,20175.17565,183074.6627
2015,11133.18761,39666.39718,28533.20957,132646.9419,7426.334882,3730.860617,2401.540303,6811.052115
2012,118326.6007,209072.3473,90745.74651,560102.7484,30113.84345,56828.05535,32961.11691,192804.8532
2009,9560.004289,38091.20129,28531.197,110801.702,4426.225096,3366.945047,1930.017223,9361.40122
2009,124499.0956,333523.3192,209024.2236,116525.2588,11507.86426,47866.53346,11907.96807,208959.2205
2012,11732.21475,38324.93064,26592.71589,121885.6704,7110.56093,3970.939613,2569.617841,8959.112756
2015,76333.77545,211132.9824,134799.207,89175.94909,17936.565,31257.88854,1803.381836,104873.6945
2010,46587.03324,125703.2611,79116.22789,124222.5741,16466.95552,17097.53541,8352.776164,54812.12299
2008,137942.5909,315754.4864,177811.8955,133986.6999,30786.97444,84544.36501,10181.35465,151561.2114
2006,79228.30126,166371.531,87143.22979,107678.9574,24190.76235,29759.26384,14435.09764,116858.0211
2014,177004.1923,336332.786,159328.5937,174025.668,12217.36668,63762.23767,39919.11255,345579.3865
2012,17746.17227,37141.86913,19395.69686,46894.43201,5087.736545,6521.997499,3300.901893,27647.39992
2008,70731.9624,235374.2915,164642.3291,111340.2719,12986.64976,34873.44717,5174.298303,78378.2695
2007,35946.09413,74400.37682,38454.28269,64848.13912,11022.29676,13168.71758,6960.241582,54382.75193
2016,127465.4202,270714.7976,143249.3774,176688.2466,13885.40808,52246.05044,36756.27704,211234.9181
2010,20034.25808,40368.00889,20333.7508,52697.9083,11626.71051,7271.609169,4693.016293,22140.9414
2015,7595.909712,30757.32452,23161.41481,38946.7232,-2726.501232,3149.792831,1314.535892,19475.09793
2008,137292.4167,269883.8079,132591.3912,180085.1935,33269.71226,88183.26319,28669.67414,158622.3055
2016,77960.30959,185437.4077,107477.0981,97567.32722,21203.46204,30391.00909,7938.997096,110835.4185
2007,163502.8259,345852.7859,182349.9599,150161.5933,11662.08366,59119.43806,29005.18423,307572.0289
2016,67920.77977,280362.7753,212441.9956,66889.27786,9955.908998,30710.37931,-9754.526117,92254.40508
2007,12064.56656,37672.63799,25608.07142,115915.1093,6935.363448,4104.140073,2662.870503,10170.17522
2016,234784.7635,361528.2816,126743.5181,156606.4169,-35922.44433,152380.1413,-10254.16845,508508.0376
2015,87662.33095,153474.5626,65812.23166,125716.6741,-61215.61355,48254.14987,13407.36026,249146.5077
2013,220110.1336,333334.2587,113224.1251,170678.4834,-52974.16325,139726.324,-3102.523691,503710.8173
2015,168930.1767,423636.2619,254706.0852,219226.4643,10159.956,98665.84328,37068.98769,212911.9384
2010,368769.4611,526139.2687,157369.8076,316965.5653,16795.56242,165073.7379,-11747.0727,843912.9485
2009,10171.2552,22869.16273,12697.90753,23630.93644,2306.159511,3933.910214,2145.838263,15495.25387
2013,169714.5362,243220.4769,73505.94074,219004.7583,-111533.1571,96270.59918,21457.64665,471660.9037
2016,13604.09642,31190.22627,17586.12985,32808.20631,4948.690137,4697.069674,3428.76733,17816.78563
2011,59642.17027,119709.1855,60067.01524,111536.2138,24449.98365,20261.70303,14447.47354,83603.56908
2015,178960.9116,473705.7969,294744.8853,239642.2136,6201.094054,107895.5976,40501.31672,216675.2197
2007,164933.1369,245700.569,80767.43209,226421.9875,-106818.8906,92498.19158,26048.44749,455667.7258
2012,56334.47668,119847.8484,63513.37171,81507.68586,8194.950461,29724.79813,12072.71157,79697.29773
2007,266927.7925,428565.7743,161637.9817,130161.2067,1684.328446,180282.965,-23957.47011,508949.9405
2013,301246.9244,462517.1214,161270.1969,188802.3152,6697.436544,175141.3177,-21678.35842,624063.3085
2008,86038.85795,194947.2128,108908.3549,119703.9556,10256.36673,48805.51047,19210.7606,111630.1077
2007,135553.6858,250377.523,114823.8372,155522.5082,-9362.265391,67267.92941,22986.15917,269898.7123
2016,103010.1053,173662.6222,70652.51695,109849.7132,-14787.49931,44530.58784,14050.05596,236006.5053
2013,85801.01192,149964.6876,64163.67572,94810.98915,-10112.75667,36873.11421,11982.55276,191541.7976
2007,69430.0091,151794.4987,82364.48959,98346.96907,9103.750525,38136.7588,15219.60602,94435.07804
2007,127042.0423,295312.4276,168270.3854,195824.5431,27647.75337,64626.14242,30497.98551,152763.5507
2014,30167.6041,72194.7085,42027.1044,49504.50938,3403.070343,17196.89285,7077.321446,37459.73394
2009,148212.4644,240952.5112,92740.04684,124108.587,-15004.4549,77045.89253,7659.394863,322951.5157
2014,111982.6413,185364.2532,73381.6119,117690.6546,-17224.83263,48523.06766,15128.01786,259498.7717
2011,5813.441521,13523.60774,7710.166222,18432.61097,1270.191263,2189.750651,1417.25313,8860.64861
2010,291003.4538,452184.6836,161181.2298,169853.5439,5174.582836,176670.4911,-22974.47573,590404.6679
2008,154591.9193,225819.3387,71227.4194,204891.6141,-99004.71841,83061.13881,22813.79831,431005.984
2016,26635.49381,53284.71261,26649.21881,43107.28327,5959.186527,10546.42832,4874.39804,43596.5291
2010,100286.0618,213209.5709,112923.5091,173178.3689,33101.86693,42152.92421,24789.21127,130053.0104
2010,123189.1256,191622.0076,68432.88202,171561.1086,-82201.03022,67252.11641,18738.59073,345623.1469
2010,167993.8848,254822.8666,86828.98183,282512.3753,-73106.68753,95953.06414,18719.17737,426902.8778
2013,92971.36977,162944.2918,69972.92202,99575.49021,-14458.22905,40274.2334,12622.52695,211813.6778
2014,179029.6064,475697.328,296667.7216,239706.9538,6754.558736,107970.9995,40572.09317,214851.6732
2016,33016.68164,72798.02025,39781.33861,68205.01946,13962.32521,10995.7072,8381.868514,41832.67423
2013,86438.48941,169199.2191,82760.72972,153903.4494,30315.27314,29805.1342,20351.32107,131704.0556
2009,252904.2908,397675.0053,144770.7145,139230.9059,-14867.80179,168004.4663,-19084.67549,511637.1406
2008,299807.8001,465512.4254,165704.6254,364030.1442,29522.92584,143878.6003,-6746.760605,626629.3676
2014,147817.6459,370465.4304,222647.7846,213408.946,23412.71882,82076.24767,34930.76013,166505.2077
2007,122800.1583,206075.2662,83275.10795,131180.5197,-16821.92281,55270.43812,17604.95413,277014.9678
2007,240094.8628,444743.867,204649.0042,161467.2045,6339.537978,158190.9264,-4897.789485,401304.4663
2012,236387.666,475094.7176,238707.0517,230798.5404,7514.737597,157827.872,26538.72894,346389.7453
2007,11108.17507,24797.31619,13689.14112,24748.5644,2528.89029,4308.90049,2302.482383,16972.59765
2011,199681.8363,305367.4377,105685.6014,225352.1908,-74651.9109,123602.8875,22572.42461,478746.3184
2014,175134.0019,252444.2849,77310.28296,213807.8244,-105235.8121,100943.7616,18816.48334,476231.4051
2008,128504.6864,300244.9229,171740.2364,197062.5203,27349.59844,65854.66485,30810.06174,153802.5656
2008,124226.4099,199298.4357,75072.02584,135847.7735,-31029.14753,56296.25727,16982.0736,301746.6899
2007,124066.252,192597.5525,68531.30051,172725.914,-82998.93849,67766.59149,18864.42927,348203.6905
2011,101622.8034,185933.3289,84310.52553,173923.091,-432.8214266,42238.03648,21784.97698,206034.6952
2008,125201.3211,241924.2515,116722.9305,280402.218,42528.64451,63229.66059,13119.43807,171004.1961
2011,186343.0801,277390.5793,91047.49928,225229.2537,-90909.49095,111551.9026,23287.00572,476935.1364
2012,15705.69289,33873.11583,18167.42294,30232.82686,3621.842591,6148.998591,3071.143777,24335.44164
2015,70402.10157,127233.0694,56830.96782,81354.15217,-5929.738916,30021.11174,10132.52523,152350.0099
2010,116926.032,199824.5997,82898.56772,186571.264,-29738.56651,54274.79994,22460.46768,276228.7159
2011,7491.722311,17394.48573,9902.763418,21662.93318,2110.597783,2713.839284,1869.201352,10692.56947
2009,200932.572,358448.1632,157515.5912,424517.4704,46346.31593,115571.1089,1421.132268,318912.2965
2013,260813.6303,464351.5937,203537.9634,226409.3102,3474.425874,178935.5254,19870.8843,430217.6347
2015,117849.4569,265429.0415,147579.5847,188043.9689,29521.62993,56904.99096,28536.61487,145522.0815
2011,297580.8343,486682.749,189101.9147,255451.8482,7501.240381,175967.4425,9137.694715,572403.8894
2011,277798.5764,444153.0583,166354.4819,377494.3771,33267.74407,137577.4678,-4928.620863,557659.5117
2010,182728.0435,260043.7094,77315.66589,233781.1571,-106244.6044,97676.01855,21072.44361,501888.1911
2014,143186.3089,219826.4713,76640.16235,208275.4766,-80027.10395,74929.83628,23619.60693,387698.4682
2007,59177.82077,118773.8106,59595.98979,110582.0435,24195.7526,20123.95611,14314.00195,82989.27873
2007,264323.3021,453823.317,189500.0149,201417.6924,2694.506985,180960.6482,8118.832745,457970.2128
2013,157801.0162,296247.1518,138446.1356,373271.0166,46876.19652,90724.57663,7202.634995,219869.7528
2011,275175.0039,435718.7583,160543.7544,140573.4605,2821.43376,179033.4055,-24977.26644,538462.9436
2010,131805.9691,206394.8866,74588.91746,153081.862,-47996.58442,62977.06086,18437.73509,335333.1112
2016,4796.506132,9823.23534,5026.729208,12497.57699,3365.209589,1957.910877,797.7526826,4069.452306
2011,265166.7199,468674.695,203507.9751,88397.61888,73571.85087,170287.5886,17031.0427,359394.3851
2007,152735.9293,479081.058,326345.1286,149048.1477,6588.572737,61422.40931,26447.08144,241288.3187
2016,20196.51098,43059.75253,22863.24155,49589.24161,6894.006354,9166.071254,2451.599094,26585.48437
2009,26224.58728,34490.54601,8265.958731,14038.11946,1697.534302,14940.50786,2974.335899,58144.11428
2009,12409.16004,38138.40387,25729.24384,38035.81613,5624.903665,6311.45525,2342.871628,6132.207931
2015,10766.2326,36570.78062,25804.54802,36224.32969,5797.902007,4664.820431,2312.422255,4117.214768
2014,12971.85637,39658.62175,26686.76538,35938.91959,5575.197249,6019.016354,2519.803995,8357.442872
2007,22518.83117,34296.13992,11777.30875,23039.69252,2704.915368,13619.16034,2600.934568,42025.27007
2008,61679.82148,187438.1597,125758.3383,141210.2787,9182.428779,34064.61167,16023.53499,59868.26842
2010,298160.2904,812893.7201,514733.4298,268816.6396,7444.02782,120395.7399,51601.83226,505682.6996
2009,14213.17566,27125.56749,12912.39183,31904.91066,3799.892225,9464.687893,1721.889097,17095.89758
2012,1941.614857,3362.471953,1420.857096,762.7971001,2057.072639,644.4901817,38.3486367,1641.113778
2010,6470.601993,11639.327,5168.725011,12324.94166,2828.511981,4021.513291,663.4784794,7399.78298
2010,12368.53117,22450.20558,10081.67441,27487.11344,3386.415653,7868.334602,1502.857152,16509.21596
2007,31867.13518,102134.2723,70267.13717,104626.4063,8446.402819,20260.71017,9912.374318,14197.6307
2010,18244.01338,43617.65065,25373.63727,54008.11737,7414.953675,8338.49411,2253.766078,19319.86263
2015,31155.13283,80598.50619,49443.37336,96123.33491,7517.045547,20661.83687,8855.425715,21876.68465
2014,13399.94203,25006.40603,11606.46399,29957.27182,3617.606124,8760.916416,1625.326239,16901.9031
2009,12083.11256,22829.56601,10746.45345,33673.35777,4818.694032,5075.029119,1498.3548,17602.2451
2014,451925.9414,1217189.372,765263.4307,150275.7621,130718.741,292113.6935,27927.39943,306070.0982
2014,21895.68582,30048.12389,8152.438075,11417.35714,1778.991464,12412.06687,2449.555121,46632.81565
2013,37764.75652,111636.954,73872.19747,122325.7581,8963.326113,24861.9089,11887.29048,20107.45789
2011,11403.8036,40931.77188,29527.96828,38483.21446,6008.585178,5006.500708,2451.65708,3866.243212
2014,21696.55167,31559.60297,9863.051297,11249.95435,1288.28251,12125.75494,2322.8582,44750.86436
2008,363043.9496,989737.5184,626693.5689,259830.1434,35916.28405,171024.9774,50771.48005,511364.8914
2012,16103.65748,32464.38529,16360.72781,36515.44063,4241.711066,11069.96118,1946.718611,17311.4812
2014,8762.768655,14772.0758,6009.307144,21623.77135,3181.977579,3720.386291,1086.570287,14751.55881
2014,7718.624648,17245.78177,9527.157125,11896.892,1195.308124,4162.957352,487.7027767,10992.65428
2009,22642.08805,35835.00265,13192.9146,20683.02711,2863.612554,12504.11091,2884.06078,41988.21873
2008,150195.5207,453356.8968,303161.3761,138330.3135,41853.44702,97390.4892,17148.78391,80407.02172
2014,18496.77928,45214.76504,26717.98576,56073.91965,7789.698599,8015.920785,2290.02693,19426.8195
2011,342492.1818,927797.4892,585305.3073,129055.9342,100067.6798,219760.9607,21481.56081,231322.79
2014,24487.61948,32675.34819,8187.728703,13988.19494,1730.772198,13870.85671,2783.40547,53638.00843
2008,54043.61004,187179.6165,133136.0065,71893.91348,6200.329554,21988.08309,9703.140327,73288.83218
2009,15921.38419,44914.328,28992.94381,50438.59604,7305.601584,6698.691013,2370.665004,13316.13192
2012,14661.30809,30567.37039,15906.06231,43029.67467,6089.578961,6126.888255,1818.099085,19093.42831
2011,37720.45364,117011.7133,79291.25966,123480.6761,9134.823944,24633.82484,12038.03911,18007.15368
2015,3289.041195,5475.444136,2186.402941,4683.267074,2131.616201,1294.931473,282.7445216,4373.488082
2009,4993.24132,8059.200799,3065.959479,9323.959735,2101.541653,2091.74275,560.093349,8427.393427
2008,12625.30935,37639.57247,25014.26313,37939.62653,5542.413027,6592.017461,2319.483008,6666.558367
2012,9592.707883,23600.89314,14008.18526,29435.62729,4597.912366,4156.665667,1860.213131,8609.99959
2009,10269.0355,33068.04466,22799.00915,34248.21358,5595.291783,4439.371646,2186.270861,4409.403393
2009,16172.83258,26727.52646,10554.69389,8238.221427,861.7125663,8695.914612,1550.656782,30959.04691
2015,37995.8251,100518.8634,62523.03831,115471.475,8429.340911,24697.75269,11534.63208,27438.74667
2014,7642.983905,17093.68689,9450.70299,11675.48936,1167.971968,4100.377355,474.5371429,11004.93754
2009,89571.73869,192017.5757,102445.837,95237.41885,4947.401869,39429.15861,14727.12158,157231.2829
2015,7359.651359,20400.20537,13040.55401,17869.95779,2613.273875,2885.586187,1013.155988,8157.200983
2009,10236.4292,28567.07948,18330.65028,32776.10767,5125.905702,4439.73218,2080.394515,6903.426494
2011,424587.9348,1177315.822,752727.887,224957.8302,80259.32491,235182.7374,43640.79927,440920.4445
2016,27267.63595,65715.4527,38447.81675,80712.19452,6666.405409,18191.53482,7072.213022,21684.15265
2008,16149.84128,23493.79723,7343.955952,8352.838551,1887.34004,9033.227728,1761.120184,32265.22692
2016,510591.4649,1450373.268,939781.8027,166127.063,147824.77,329813.9901,31430.33125,312766.6123
2009,12134.30512,41937.18655,29802.88143,40575.57242,6252.742694,5232.592457,2443.208085,5257.637875
2015,6369.185694,10033.14591,3663.960212,13070.78199,2077.259936,2735.075643,784.0204298,11611.10717
2013,10942.33789,19850.51425,8908.176361,29533.46642,4256.365329,4609.612801,1356.877484,16739.07777
2015,12906.13264,19074.57036,6168.437712,13655.31588,1952.390726,6738.801193,1510.348905,25625.98539
2009,15078.39579,44350.33453,29271.93874,48243.12709,7071.239477,6372.343436,2386.812799,11253.42644
2010,14994.69294,30591.71879,15597.02585,33194.15359,3824.839919,10182.68052,1754.137336,16347.98113
2010,246692.9367,613439.3515,366746.4148,221048.4893,6501.834173,100028.0211,42058.76543,432361.4937
2016,22429.7608,34276.22156,11846.46076,23224.75086,2725.910213,13584.09929,2591.842969,41732.26893
2009,3656.904889,7852.499839,4195.594949,1486.781898,482.5915239,1125.428388,-76.86576096,7307.310231
2007,9718.37265,31311.14822,21592.77557,30096.87021,4638.600154,4094.065384,1869.259253,5914.251845
2016,2929.894876,5070.971355,2141.076479,3463.450955,2316.139483,1420.187761,191.8673763,2825.701572
2007,35840.26935,79179.75962,43339.49027,95870.74801,7125.989114,22885.53889,9893.306335,37336.99829
2007,172529.0261,333860.0885,161331.0624,294795.1949,22842.68621,100623.6375,45553.38308,247466.6432
2010,143682.2805,321614.133,177931.8525,316005.8299,30313.68232,87470.04324,33942.21001,154968.5156
2016,83288.72833,207840.5549,124551.8266,520257.4294,13804.3576,34434.79654,24620.09621,128091.4954
2009,25461.81069,44418.88467,18957.07399,46965.05235,12839.34647,8621.490736,10318.17344,35351.32035
2013,21109.04267,28148.70342,7039.660755,26932.32295,-924.6340517,13996.1262,1312.698424,46882.6504
2010,69492.57107,224315.6216,154823.0506,413001.3063,11381.09962,35920.00002,12983.13672,81353.03318
2014,87467.5766,233069.5275,145601.9509,421301.5513,-12612.51114,35132.81876,24731.70907,183409.6536
2013,19926.32951,28082.5948,8156.2653,44238.51742,-1596.551119,13527.55331,1503.550015,42821.38229
2014,160281.8721,322888.927,162607.0549,313009.5898,17737.84417,91194.26438,42555.47686,231423.3955
2016,83170.23272,226160.2676,142990.0349,474259.5982,-14733.78649,30787.67232,24005.43484,187519.2756
2010,124774.1906,288290.2891,163516.0985,909122.1876,-913.3163455,51762.79588,37663.14363,242635.1192
2008,72598.66245,200009.7816,127411.1192,379806.1168,-8029.422336,26743.88421,20741.40667,152727.0652
2009,207096.3964,358835.9003,151739.5039,228706.2407,39738.89708,127943.8013,53934.00327,302087.7037
2014,154564.9774,266282.5545,111717.5771,174787.3941,32372.53685,92951.65444,41800.0784,226674.5922
2014,66039.21542,181287.6022,115248.3868,327019.8607,-163.6847589,24701.27717,18791.01143,122938.236
2008,22895.46684,32294.67716,9399.210318,31836.55551,2979.051641,12708.39205,4111.081374,46683.41667
2013,27085.44105,96360.75607,69275.31503,262264.6046,-3118.235265,13777.39302,8981.066704,48298.98037
2016,15469.55289,21954.59759,6485.044699,16910.25387,-919.7254246,10444.11411,744.6771215,32688.81116
2008,69706.85163,191739.3416,122032.49,356534.6633,-4561.717672,25843.37642,19881.55156,139595.0677
2015,38138.86556,83063.45934,44924.59378,112280.3785,20600.2423,14281.54585,12591.15361,36953.79336
2010,61451.52894,184484.4145,123032.8855,357609.2187,18810.77015,33980.88872,10497.9706,51676.63735
2008,95952.29524,272153.5332,176201.238,372426.2755,23509.35297,56802.6604,19203.47198,80809.28631
2013,19332.0328,25779.04082,6447.008022,21547.07254,-1561.705486,13149.02356,913.8296297,43306.33177
2008,66821.51739,226028.5905,159207.0731,407403.2431,18869.2157,37859.23986,10321.78905,51939.18994
2009,24331.32845,45426.47964,21095.15119,46782.04507,12531.64174,8331.989411,9711.444064,30464.38738
2011,116765.0579,284162.1993,167397.1414,846353.8322,4285.833348,50808.45739,33359.29394,209586.531
2010,78922.32889,218552.8019,139630.473,432352.2535,-15943.36223,28721.10722,22633.5061,182137.5486
2010,42368.1037,104604.857,62236.75326,140478.3258,23099.49269,16631.35434,12598.44989,32676.15436
2011,44248.30103,87328.42298,43080.12194,166784.8403,6347.665568,15239.08481,15551.58035,80572.85033
2009,34778.84641,80592.09521,45813.2488,118035.5654,18219.65403,14442.79046,9285.276325,30490.88634
2008,27818.89736,102512.8946,74693.99723,268091.2735,4074.876561,16915.2879,7059.420539,26634.26603
2014,27971.03817,50245.39798,22274.35981,53122.99226,14621.16152,9192.046279,11645.14475,36982.49479
2009,58975.36234,183632.6808,124657.3184,318335.946,21289.22526,30896.68472,11033.93451,43103.35839
2014,19653.1228,71082.77389,51429.65109,219078.6617,2474.501697,11543.60403,6889.614307,20482.86675
2009,56723.56307,149993.2592,93269.69611,268489.9756,21472.50778,23117.75357,16232.51421,58660.90381
2015,15196.51913,21665.55962,6469.040491,16582.4831,-874.3446757,10252.90753,732.7199472,32099.84332
2008,34854.92777,69545.82455,34690.89678,90385.10991,18659.61315,12456.95602,12585.48816,39025.3029
2010,20948.06505,27950.03427,7001.969225,24895.19974,-627.9897076,13593.00732,1696.943982,46429.98269
2006,153045.5833,314454.2211,161408.6378,230395.1078,27728.73331,95054.44243,40420.13376,182403.0385
2011,40187.40093,92824.97618,52637.57525,125938.7469,21810.81561,15419.73331,12594.68774,35013.37236
2009,70066.84144,223967.5979,153900.7565,414204.877,9771.171964,35503.06793,13555.32032,87763.98518
2016,20247.31602,49682.74644,29435.43042,67345.27299,10281.77832,9161.378822,4565.769352,15577.24439
2014,94552.03955,244276.8831,149724.8435,410765.2908,-9659.57496,40587.31409,26465.87159,184558.4369
2015,40079.56486,143781.8583,103702.2934,311961.7595,8891.747642,23565.07523,8037.301732,33378.3296
2006,23327.5439,32634.02083,9306.476926,39130.52695,1440.537092,14384.72489,2351.174888,48583.51124
2015,43931.83061,86480.14367,42548.31305,164374.7578,6549.873546,15116.35008,15486.7577,79610.94567
2008,43306.37907,141355.8597,98049.48058,401128.0299,-209.842338,21031.65067,14028.33582,70164.36833
2014,12073.82507,29287.34189,17213.51682,130124.2658,-14.13655802,7865.099904,3604.243097,18134.97828
2016,15019.78706,36129.76017,21109.97311,48050.15319,7245.840682,7265.618558,2883.887852,12054.00043
2009,72884.81802,222353.5527,149468.7347,420110.865,1871.167588,33457.15904,16363.057,117899.2078
2010,13197.80804,19466.5459,6268.737865,14183.0762,-542.1403138,8853.202502,645.1888781,26933.50024
2011,11916.43463,35558.44905,23642.01442,136260.2117,611.9022371,7822.159812,3513.858489,14741.69798
2016,66111.46129,222876.5645,156765.1032,400765.3183,19471.64708,37477.09236,10219.16815,49489.66765
2013,8142.199172,13160.50851,5018.309342,8113.933538,298.1488716,5312.740276,423.7847694,14901.37137
2007,44742.07116,119423.8712,74681.80008,156306.4743,24502.37872,17950.35523,12602.54545,29635.77427
2016,39591.91016,89867.62139,50275.71124,121968.3822,21458.91285,15088.87247,12593.6604,35612.18338
2011,37409.15392,76019.19427,38610.04035,116556.8312,16453.11275,16851.29784,8942.75137,43554.41677
2010,13626.25619,19950.64103,6324.384833,14697.4184,-613.3523796,9153.246384,663.9522328,28040.93589
2015,15353.2592,54888.55668,39535.29748,207287.7202,-220.4846672,10053.11817,5572.860886,19582.65951
2007,101049.1375,255162.0911,154112.9536,773708.9067,303.8458086,43190.3109,30893.57608,186816.8209
2010,21809.85514,56133.49965,34323.64451,156826.2712,6147.969739,10232.60456,8781.957902,23971.93299
2007,86671.92317,205456.0142,118784.091,177260.0947,28617.60376,46313.22739,23185.19498,78907.49809
2016,8870.141237,16918.81132,8048.67008,56799.93084,316.2392117,5740.596555,1681.953721,14695.75308
2007,200519.6517,342495.0339,141975.3823,218448.4827,38536.41822,123631.6195,52557.42283,297831.3547
2015,27560.54168,42540.11939,14979.57772,62405.23582,5953.38749,15126.18824,4332.633582,50057.5736
2008,197586.0011,443004.4184,245418.4173,266468.7363,7957.942326,128495.8465,50747.69465,248174.4164
2009,50038.36231,117231.1254,67192.76309,85565.74141,12396.70571,33577.40364,13947.79471,38560.96887
2009,37984.7395,87638.07755,49653.33806,61873.19913,9911.948129,24092.00873,10560.23695,32073.54915
2012,35732.87556,121209.7363,85476.86071,182888.7748,14975.36494,21283.12528,11946.77679,6700.220408
2012,44024.38357,139659.7544,95635.37086,210205.0892,16536.06973,23134.37313,13922.19043,23763.95674
2007,36624.88818,107278.7899,70653.90176,73320.39084,9962.324043,24135.41234,7542.389703,19024.18387
2016,74023.21266,133632.9755,59609.76287,113182.3708,15811.85605,48479.06331,21432.787,95170.16061
2015,82024.15848,147448.2203,65424.0618,125205.3518,19710.23359,49786.23222,25293.30668,108475.0288
2012,51412.85053,91354.69914,39941.84862,90640.19274,16804.42845,31792.31999,12279.01911,64302.00439
2009,13984.31694,31348.84712,17364.53019,47317.90676,9508.258813,8103.338226,4169.125694,4156.97496
2011,9370.94151,32101.31253,22730.37102,20639.35737,2615.155988,4375.397992,1172.486022,8585.910997
2010,38338.38011,71566.79547,33228.41536,71979.7031,13931.58172,19068.30749,5553.544018,52252.18175
2010,258597.4225,651791.0694,393193.6469,343058.6566,5975.036273,166339.6511,66066.32868,302145.8122
2015,186246.3543,416562.057,230315.7027,256857.0478,8319.006101,119498.1754,44991.3742,238484.8891
2012,41130.11771,80436.89958,39306.78188,64991.56262,10762.38157,19679.74326,8193.344292,59290.48046
2007,20137.43456,41294.05999,21156.62543,57760.79773,12054.01048,11164.57526,4020.948497,14341.55363
2016,18027.39008,37741.33772,19713.94763,54831.44483,11353.36365,10164.34826,4179.220647,10417.69391
2016,22456.13276,56798.92254,34342.78978,57606.3114,9341.522551,14636.41284,6036.953177,9140.947509
2012,39569.15108,75375.79732,35806.64623,68898.89763,12534.40186,19337.86628,6717.331601,55400.62632
2014,24038.34637,62193.97158,38155.62522,122208.5552,13095.34136,13853.21747,8194.479895,7644.558393
2014,32995.70514,118895.266,85899.56083,64059.96444,7031.262381,22712.76422,7764.648646,10813.35532
2016,79661.78402,251141.6864,171479.9024,234712.773,14107.48216,49529.75609,23055.42675,55566.77112
2012,16096.77714,36017.16482,19920.38769,51446.2332,9984.577523,9745.000316,4781.662421,5473.574821
2009,36932.46314,131176.0491,94243.58593,71745.01647,7997.434545,25689.55099,8819.169933,11391.62837
2014,52749.19333,113755.4892,61006.29591,55482.1999,4320.446455,25980.61985,17032.62398,78610.01905
2012,17049.44382,55528.34457,38478.90075,22777.41252,1649.699619,7484.88689,3976.870266,22251.57642
2012,35382.58162,63190.93186,27808.35024,78925.47757,17116.20892,18391.25129,2877.426532,45191.52678
2012,18299.43987,42491.1709,24191.73102,79030.72844,11341.20898,10632.072,5961.060353,6138.871478
2007,16683.92141,46463.72347,29779.80206,35770.45785,6359.985924,8220.409823,1444.796594,14228.12258
2009,20020.45601,62859.54156,42839.08555,24585.43989,1564.7658,8759.854004,5112.62021,27030.31789
2014,47005.31976,118013.1581,71007.83836,49415.00609,2347.555701,22572.47166,14813.77902,67102.5175
2007,35459.66542,111495.9339,76036.26852,198561.6371,16627.54461,20127.59869,11914.73611,8855.190674
2013,28873.58876,84097.85141,55224.26265,63822.66934,8692.592497,19572.51431,7303.712528,11102.8128
2015,252284.6322,529075.5873,276790.955,351956.8657,41527.95423,131350.2115,80220.96238,338847.0215
2014,54827.66636,104474.2464,49646.58003,87375.55773,14558.35202,35731.52824,16177.28081,60973.43078
2009,27816.1233,61737.63793,33921.51463,47183.04165,6595.996,13412.73869,9014.942484,34049.95985
2007,28494.51821,80900.30575,52405.78755,155735.4677,14457.39794,16354.38695,9928.695516,7731.781535
2012,15756.74985,33748.1653,17991.41545,51679.13851,10599.39051,9087.993843,4349.538911,6542.173513
2014,277041.2644,520003.6757,242962.4114,322128.2112,7449.852584,151580.0978,62054.40554,474057.2802
2013,295774.4734,406283.0277,110508.5542,301651.0538,25199.1524,118542.2567,63740.19584,669305.1449
2008,36558.76027,103195.548,66636.78773,73659.09269,10384.77074,23801.27612,7267.884904,20542.04354
2014,154551.2986,232203.5835,77652.28492,163072.3004,15987.21115,67563.59217,31745.69903,321400.3859
2015,84314.314,154721.8179,70407.50385,125949.0423,15157.73175,55143.3741,23874.32048,110463.1654
2007,149434.975,374961.8821,225526.9071,284681.4829,32341.41503,76342.07411,49339.16744,157370.4038
2012,18670.77929,40822.09484,22151.31556,48982.07514,9024.726177,10027.47806,5899.297182,13748.13274
2010,16513.90089,46224.52129,29710.6204,35379.03149,6262.439105,8128.003383,1431.929691,14015.31208
2008,29131.59341,59171.79668,30040.20327,64427.86425,13501.65827,14985.74086,2386.818134,31574.14798
2008,56794.26181,111983.958,55189.69615,74022.08069,9610.322306,32366.95793,17712.85881,75662.74047
2015,120526.9598,191825.8519,71298.89206,139271.0262,16201.2677,57700.42261,26909.78064,228897.0025
2006,36234.26696,86807.52957,50573.26261,75321.12147,12457.74016,22161.65115,5920.874615,28300.01322
2008,26196.43272,71763.58722,45567.1545,61229.40493,8963.305224,17513.33169,6775.261308,10498.43198
2009,159100.7437,306591.592,147490.8483,235997.4102,33918.55102,80312.6781,48268.87088,226555.1478
2014,36378.69735,128780.2813,92401.58396,71092.59707,7933.679539,25345.20329,8785.166624,11095.87288
2013,46149.19115,105630.9745,59481.78339,43576.63789,1727.280829,20198.94735,15260.67109,74290.89235
2012,315085.5713,378472.8981,63387.32681,279217.451,15953.45746,115070.5645,55714.91658,793045.5943
2008,22066.62314,54936.15119,32869.52805,107373.8957,12492.67192,12746.52452,7427.141172,7188.320951
2009,228599.1312,339995.0994,111395.9682,255220.4419,15473.85891,85012.25928,41584.74558,507933.1971
2008,31896.98966,71276.21418,39379.22453,46380.27084,5512.2398,14923.32115,10405.21628,43080.16256
2012,13801.69313,45664.62163,31862.92849,25256.95509,3240.649152,7380.005981,2495.294708,11009.74401
2011,15516.71386,44770.99935,29254.2855,33083.27738,5690.317419,7586.030521,1356.464041,13163.55097
2011,278390.8676,439160.4598,160769.5922,321845.4989,33522.00995,121667.43,70964.45064,548528.0559
2013,253252.2014,545138.6958,291886.4944,350593.0261,36078.71445,136713.0862,78051.46414,333122.1981
2016,52761.8424,113749.4322,60987.58981,55540.17475,4336.988081,26000.59015,17034.7511,78739.68937
2009,241737.4644,596341.2531,354603.7887,322295.3555,5066.466932,156695.9965,60497.01467,287476.5426
2013,24723.28816,54593.82139,29870.53324,47791.45113,7417.360624,12267.88804,7961.272193,27249.71187
